m,s_floor,k_stop
127,4,0
191,3,1
223,4,0
239,4,0
247,4,0
251,4,0
253,4,0
319,3,0
351,3,0
367,3,0
375,3,0
379,4,0
381,3,0
415,3,0
431,4,0
439,4,0
443,4,0
445,4,0
463,4,0
471,4,0
475,4,0
477,4,0
487,4,0
491,4,0
493,4,0
499,4,0
501,4,0
505,4,0
575,3,0
607,4,0
623,3,0
631,3,0
635,4,0
637,3,0
671,4,0
687,3,0
695,4,0
699,3,0
701,3,1
719,4,0
727,4,0
731,3,0
733,4,0
743,3,1
747,3,0
749,3,0
755,4,0
757,4,0
761,4,0
799,4,0
815,3,0
823,4,0
827,4,0
829,4,0
847,4,0
855,4,0
859,4,0
861,4,0
871,4,0
875,4,0
877,4,0
883,4,0
885,4,0
889,4,0
911,4,0
919,4,0
923,4,0
925,4,0
935,4,0
939,4,0
941,4,0
947,4,0
949,4,0
953,4,0
967,4,0
971,4,0
973,4,0
979,4,0
981,4,0
985,4,0
995,4,0
997,4,0
1001,4,0
1009,4,0
1119,3,0
1135,3,0
1143,3,0
1147,3,0
1149,4,0
1183,4,0
1199,4,0
1207,3,0
1211,4,0
1213,3,0
1231,3,0
1239,3,0
1243,4,0
1245,3,0
1255,3,0
1259,4,0
1261,3,0
1267,4,0
1269,3,0
1273,3,0
1311,3,0
1327,4,0
1335,3,0
1339,4,0
1341,3,0
1359,3,0
1367,4,0
1371,3,0
1373,4,0
1383,4,0
1387,3,0
1389,3,1
1395,4,0
1397,4,0
1401,4,0
1423,4,0
1431,4,0
1435,4,0
1437,4,0
1447,4,0
1451,4,0
1453,4,0
1459,4,0
1461,4,0
1465,3,0
1479,3,1
1483,4,0
1485,3,0
1491,4,0
1493,4,0
1497,4,0
1507,4,0
1509,4,0
1513,4,0
1521,4,0
1583,4,0
1591,4,0
1595,4,0
1597,4,0
1615,3,0
1623,4,0
1627,4,0
1629,4,0
1639,4,0
1643,4,0
1645,4,0
1651,4,0
1653,4,0
1657,4,0
1679,4,0
1687,4,0
1691,4,0
1693,4,0
1703,4,0
1707,4,0
1709,4,0
1715,4,0
1717,4,0
1721,4,0
1735,4,0
1739,4,0
1741,4,0
1747,4,0
1749,4,0
1753,4,0
1763,4,0
1765,4,0
1769,4,0
1777,4,0
1815,4,0
1819,4,0
1821,4,0
1831,4,0
1835,4,0
1837,4,0
1843,4,0
1845,4,0
1849,4,0
1863,4,0
1867,4,0
1869,4,0
1875,4,0
1877,4,0
1881,4,0
1891,4,0
1893,4,0
1897,4,0
1905,4,0
1931,4,0
1933,4,0
1939,4,0
1941,4,0
1945,4,0
1955,4,0
1957,4,0
1961,4,0
1969,4,0
1989,4,0
1993,4,0
2001,4,0
2207,4,0
2223,3,0
2231,3,0
2235,3,0
2237,4,0
2255,3,0
2263,4,0
2267,3,0
2269,4,0
2279,4,0
2283,4,0
2285,3,0
2291,4,0
2293,4,0
2297,4,0
2335,4,0
2351,4,0
2359,4,0
2363,4,0
2365,4,0
2383,4,0
2391,3,0
2395,4,0
2397,3,0
2407,4,0
2411,4,0
2413,3,0
2419,4,0
2421,4,0
2425,3,0
2447,3,0
2455,4,0
2459,4,0
2461,3,0
2471,4,0
2475,3,0
2477,4,0
2483,4,0
2485,4,0
2489,4,0
2503,3,0
2507,3,0
2509,3,0
2515,4,0
2517,3,0
2521,4,0
2531,4,0
2533,3,0
2537,4,0
2545,4,0
2607,3,0
2615,4,0
2619,3,0
2621,4,0
2639,4,0
2647,3,0
2651,4,0
2653,4,0
2663,4,0
2667,4,0
2669,4,0
2675,4,0
2677,4,0
2681,3,1
2703,3,0
2711,4,0
2715,3,0
2717,4,0
2727,4,0
2731,4,0
2733,4,0
2739,3,0
2741,4,0
2745,4,0
2759,4,0
2763,4,0
2765,3,0
2771,3,0
2773,4,0
2777,4,0
2787,4,0
2789,4,0
2793,4,0
2801,4,0
2839,4,0
2843,4,0
2845,4,0
2855,4,0
2859,4,0
2861,4,0
2867,4,0
2869,4,0
2873,4,0
2887,4,0
2891,4,0
2893,4,0
2899,4,0
2901,4,0
2905,3,0
2915,4,0
2917,4,0
2921,4,0
2929,4,0
2955,4,0
2957,3,0
2963,4,0
2965,4,0
2969,4,0
2979,4,0
2981,4,0
2985,4,0
2993,4,0
3013,4,0
3017,4,0
3025,4,0
3151,4,0
3159,4,0
3163,4,0
3165,4,0
3175,4,0
3179,4,0
3181,4,0
3187,4,0
3189,4,0
3193,4,0
3215,3,0
3223,4,0
3227,4,0
3229,4,0
3239,4,0
3243,4,0
3245,4,0
3251,4,0
3253,4,0
3257,4,0
3271,4,0
3275,4,0
3277,4,0
3283,4,0
3285,4,0
3289,4,0
3299,4,0
3301,4,0
3305,4,0
3313,4,0
3351,4,0
3355,4,0
3357,4,0
3367,4,0
3371,4,0
3373,4,0
3379,4,0
3381,4,0
3385,4,0
3399,4,0
3403,4,0
3405,4,0
3411,4,0
3413,4,0
3417,4,0
3427,4,0
3429,4,0
3433,4,0
3441,4,0
3467,4,0
3469,4,0
3475,4,0
3477,4,0
3481,4,0
3491,4,0
3493,4,0
3497,4,0
3505,4,0
3525,4,0
3529,4,0
3537,4,0
3623,4,0
3627,4,0
3629,4,0
3635,4,0
3637,4,0
3641,4,0
3655,4,0
3659,4,0
3661,4,0
3667,4,0
3669,4,0
3673,4,0
3683,4,0
3685,4,0
3689,4,0
3697,4,0
3723,4,0
3725,4,0
3731,4,0
3733,4,0
3737,4,0
3747,4,0
3749,4,0
3753,4,0
3761,4,0
3781,4,0
3785,4,0
3793,4,0
3859,4,0
3861,4,0
3865,4,0
3875,4,0
3877,4,0
3881,4,0
3889,4,0
3909,4,0
3913,4,0
3921,4,0
3977,4,0
3985,4,0
4383,4,0
4399,4,0
4407,4,0
4411,4,0
4413,4,0
4431,3,0
4439,3,0
4443,3,0
4445,4,0
4455,3,0
4459,3,0
4461,4,0
4467,4,0
4469,4,0
4473,4,0
4495,3,0
4503,4,0
4507,3,0
4509,4,0
4519,4,0
4523,4,0
4525,3,0
4531,4,0
4533,4,0
4537,4,0
4551,4,0
4555,4,0
4557,4,0
4563,4,0
4565,4,0
4569,4,0
4579,4,0
4581,4,0
4585,4,0
4593,4,0
4655,4,0
4663,4,0
4667,4,0
4669,4,0
4687,4,0
4695,4,0
4699,4,0
4701,4,0
4711,4,0
4715,4,0
4717,3,0
4723,4,0
4725,4,0
4729,3,0
4751,4,0
4759,3,0
4763,4,0
4765,4,0
4775,4,0
4779,3,0
4781,4,0
4787,4,0
4789,4,0
4793,4,0
4807,4,0
4811,4,0
4813,3,0
4819,4,0
4821,4,0
4825,3,0
4835,4,0
4837,3,0
4841,4,0
4849,4,0
4887,4,0
4891,4,0
4893,4,0
4903,4,0
4907,4,0
4909,4,0
4915,4,0
4917,3,0
4921,4,0
4935,4,0
4939,4,0
4941,3,0
4947,3,0
4949,4,0
4953,4,0
4963,4,0
4965,4,0
4969,3,0
4977,3,0
5003,4,0
5005,3,0
5011,4,0
5013,3,0
5017,4,0
5027,4,0
5029,4,0
5033,4,0
5041,4,0
5061,4,0
5065,4,0
5073,4,0
5199,3,0
5207,4,0
5211,3,0
5213,4,0
5223,4,0
5227,4,0
5229,3,0
5235,4,0
5237,4,0
5241,4,0
5263,4,0
5271,3,0
5275,4,0
5277,4,0
5287,4,0
5291,4,0
5293,4,0
5299,3,0
5301,4,0
5305,4,0
5319,4,0
5323,4,0
5325,4,0
5331,3,0
5333,4,0
5337,3,1
5347,4,0
5349,4,0
5353,4,0
5361,4,0
5399,4,0
5403,3,0
5405,4,0
5415,4,0
5419,4,0
5421,4,0
5427,4,0
5429,4,0
5433,4,0
5447,4,0
5451,4,0
5453,4,0
5459,4,0
5461,4,0
5465,4,0
5475,4,0
5477,4,0
5481,4,0
5489,4,0
5515,4,0
5517,3,1
5523,4,0
5525,3,0
5529,4,0
5539,4,0
5541,4,0
5545,4,0
5553,4,0
5573,4,0
5577,4,0
5585,4,0
5671,4,0
5675,4,0
5677,4,0
5683,4,0
5685,4,0
5689,4,0
5703,4,0
5707,4,0
5709,4,0
5715,4,0
5717,4,0
5721,4,0
5731,4,0
5733,4,0
5737,4,0
5745,4,0
5771,4,0
5773,4,0
5779,4,0
5781,4,0
5785,3,0
5795,4,0
5797,4,0
5801,4,0
5809,4,0
5829,4,0
5833,4,0
5841,4,0
5907,4,0
5909,4,0
5913,4,0
5923,4,0
5925,4,0
5929,4,0
5937,4,0
5957,4,0
5961,4,0
5969,4,0
6025,4,0
6033,4,0
6287,4,0
6295,4,0
6299,4,0
6301,4,0
6311,4,0
6315,4,0
6317,4,0
6323,4,0
6325,4,0
6329,4,0
6343,4,0
6347,4,0
6349,4,0
6355,4,0
6357,4,0
6361,4,0
6371,4,0
6373,4,0
6377,4,0
6385,4,0
6423,4,0
6427,4,0
6429,4,0
6439,4,0
6443,4,0
6445,4,0
6451,4,0
6453,4,0
6457,4,0
6471,4,0
6475,4,0
6477,4,0
6483,4,0
6485,4,0
6489,4,0
6499,4,0
6501,4,0
6505,4,0
6513,4,0
6539,4,0
6541,4,0
6547,4,0
6549,4,0
6553,4,0
6563,4,0
6565,4,0
6569,4,0
6577,4,0
6597,4,0
6601,4,0
6609,4,0
6695,4,0
6699,4,0
6701,4,0
6707,4,0
6709,4,0
6713,4,0
6727,4,0
6731,4,0
6733,4,0
6739,4,0
6741,4,0
6745,4,0
6755,4,0
6757,4,0
6761,4,0
6769,4,0
6795,4,0
6797,4,0
6803,4,0
6805,4,0
6809,4,0
6819,4,0
6821,4,0
6825,4,0
6833,4,0
6853,4,0
6857,4,0
6865,4,0
6931,4,0
6933,4,0
6937,4,0
6947,4,0
6949,4,0
6953,4,0
6961,4,0
6981,4,0
6985,4,0
6993,4,0
7049,4,0
7057,4,0
7239,4,0
7243,5,0
7245,4,0
7251,4,0
7253,4,0
7257,4,0
7267,4,0
7269,4,0
7273,4,0
7281,4,0
7307,4,0
7309,4,0
7315,4,0
7317,4,0
7321,4,0
7331,4,0
7333,4,0
7337,4,0
7345,4,0
7365,4,0
7369,4,0
7377,4,0
7443,4,0
7445,4,0
7449,4,0
7459,4,0
7461,4,0
7465,4,0
7473,4,0
7493,4,0
7497,4,0
7505,4,0
7561,4,0
7569,4,0
7715,4,0
7717,4,0
7721,4,0
7729,4,0
7749,4,0
7753,4,0
7761,4,0
7817,4,0
7825,4,0
7953,4,0
8751,4,0
8759,4,0
8763,4,0
8765,4,0
8783,4,0
8791,4,0
8795,4,0
8797,4,0
8807,4,0
8811,4,0
8813,4,0
8819,4,0
8821,4,0
8825,4,0
8847,3,0
8855,3,0
8859,3,0
8861,4,0
8871,3,0
8875,3,0
8877,4,0
8883,4,0
8885,4,0
8889,4,0
8903,4,0
8907,4,0
8909,4,0
8915,4,0
8917,4,0
8921,4,0
8931,4,0
8933,4,0
8937,4,0
8945,4,0
8983,4,0
8987,3,0
8989,4,0
8999,4,0
9003,4,0
9005,3,0
9011,4,0
9013,4,0
9017,4,0
9031,4,0
9035,4,0
9037,4,0
9043,4,0
9045,4,0
9049,4,0
9059,4,0
9061,4,0
9065,4,0
9073,4,0
9099,4,0
9101,4,0
9107,4,0
9109,4,0
9113,4,0
9123,4,0
9125,4,0
9129,3,0
9137,3,0
9157,4,0
9161,4,0
9169,4,0
9295,4,0
9303,4,0
9307,4,0
9309,4,0
9319,4,0
9323,4,0
9325,4,0
9331,4,0
9333,4,0
9337,4,0
9359,4,0
9367,4,0
9371,4,0
9373,4,0
9383,4,0
9387,4,0
9389,4,0
9395,4,0
9397,4,0
9401,3,0
9415,4,0
9419,4,0
9421,4,0
9427,4,0
9429,4,0
9433,3,0
9443,4,0
9445,4,0
9449,4,0
9457,3,0
9495,3,0
9499,4,0
9501,4,0
9511,4,0
9515,4,0
9517,4,0
9523,4,0
9525,3,0
9529,4,0
9543,4,0
9547,4,0
9549,4,0
9555,3,0
9557,4,0
9561,4,0
9571,4,0
9573,4,0
9577,4,0
9585,4,0
9611,4,0
9613,3,0
9619,3,0
9621,4,0
9625,3,0
9635,4,0
9637,4,0
9641,4,0
9649,4,0
9669,3,0
9673,4,0
9681,4,0
9767,4,0
9771,4,0
9773,4,0
9779,4,0
9781,4,0
9785,4,0
9799,4,0
9803,4,0
9805,4,0
9811,4,0
9813,4,0
9817,4,0
9827,4,0
9829,4,0
9833,4,0
9841,4,0
9867,4,0
9869,4,0
9875,4,0
9877,3,0
9881,4,0
9891,4,0
9893,4,0
9897,3,0
9905,4,0
9925,4,0
9929,4,0
9937,4,0
10003,4,0
10005,3,0
10009,4,0
10019,4,0
10021,4,0
10025,4,0
10033,4,0
10053,4,0
10057,4,0
10065,4,0
10121,4,0
10129,4,0
10383,3,0
10391,4,0
10395,3,0
10397,4,0
10407,4,0
10411,4,0
10413,3,0
10419,4,0
10421,4,0
10425,4,0
10439,4,0
10443,4,0
10445,4,0
10451,4,0
10453,4,0
10457,4,0
10467,4,0
10469,4,0
10473,4,0
10481,3,1
10519,3,0
10523,4,0
10525,4,0
10535,4,0
10539,4,0
10541,4,0
10547,4,0
10549,4,0
10553,4,0
10567,4,0
10571,4,0
10573,4,0
10579,4,0
10581,4,0
10585,4,0
10595,3,0
10597,4,0
10601,4,0
10609,4,0
10635,4,0
10637,4,0
10643,4,0
10645,3,0
10649,3,1
10659,3,0
10661,4,0
10665,4,0
10673,4,0
10693,4,0
10697,4,0
10705,4,0
10791,4,0
10795,4,0
10797,4,0
10803,4,0
10805,4,0
10809,4,0
10823,4,0
10827,4,0
10829,4,0
10835,4,0
10837,4,0
10841,4,0
10851,4,0
10853,4,0
10857,4,0
10865,4,0
10891,4,0
10893,4,0
10899,4,0
10901,4,0
10905,4,0
10915,4,0
10917,4,0
10921,4,0
10929,4,0
10949,4,0
10953,4,0
10961,4,0
11027,4,0
11029,4,0
11033,4,0
11043,4,0
11045,4,0
11049,4,0
11057,4,0
11077,4,0
11081,4,0
11089,4,0
11145,4,0
11153,4,0
11335,4,0
11339,4,0
11341,4,0
11347,4,0
11349,4,0
11353,4,0
11363,4,0
11365,4,0
11369,4,0
11377,4,0
11403,4,0
11405,4,0
11411,4,0
11413,4,0
11417,4,0
11427,4,0
11429,4,0
11433,4,0
11441,4,0
11461,4,0
11465,4,0
11473,4,0
11539,4,0
11541,4,0
11545,3,0
11555,4,0
11557,4,0
11561,4,0
11569,4,0
11589,4,0
11593,4,0
11601,4,0
11657,4,0
11665,4,0
11811,4,0
11813,4,0
11817,4,0
11825,4,0
11845,4,0
11849,4,0
11857,4,0
11913,4,0
11921,4,0
12049,4,0
12567,4,0
12571,4,0
12573,4,0
12583,4,0
12587,4,0
12589,4,0
12595,4,0
12597,4,0
12601,4,0
12615,4,0
12619,4,0
12621,4,0
12627,4,0
12629,4,0
12633,4,0
12643,4,0
12645,4,0
12649,4,0
12657,4,0
12683,4,0
12685,4,0
12691,4,0
12693,4,0
12697,4,0
12707,4,0
12709,4,0
12713,4,0
12721,4,0
12741,4,0
12745,4,0
12753,4,0
12839,4,0
12843,4,0
12845,4,0
12851,4,0
12853,4,0
12857,4,0
12871,4,0
12875,4,0
12877,4,0
12883,4,0
12885,4,0
12889,4,0
12899,4,0
12901,4,0
12905,4,0
12913,4,0
12939,4,0
12941,4,0
12947,4,0
12949,4,0
12953,4,0
12963,4,0
12965,4,0
12969,4,0
12977,4,0
12997,4,0
13001,4,0
13009,4,0
13075,4,0
13077,4,0
13081,4,0
13091,4,0
13093,4,0
13097,4,0
13105,4,0
13125,4,0
13129,4,0
13137,4,0
13193,4,0
13201,4,0
13383,4,0
13387,5,0
13389,4,0
13395,4,0
13397,4,0
13401,4,0
13411,4,0
13413,4,0
13417,4,0
13425,4,0
13451,4,0
13453,4,0
13459,4,0
13461,4,0
13465,4,0
13475,4,0
13477,4,0
13481,4,0
13489,4,0
13509,4,0
13513,4,0
13521,4,0
13587,4,0
13589,4,0
13593,4,0
13603,4,0
13605,4,0
13609,4,0
13617,4,0
13637,4,0
13641,4,0
13649,4,0
13705,4,0
13713,4,0
13859,4,0
13861,4,0
13865,4,0
13873,4,0
13893,4,0
13897,4,0
13905,4,0
13961,4,0
13969,4,0
14097,4,0
14475,4,0
14477,4,0
14483,5,0
14485,4,0
14489,4,0
14499,4,0
14501,4,0
14505,4,0
14513,4,0
14533,4,0
14537,4,0
14545,4,0
14611,4,0
14613,4,0
14617,4,0
14627,4,0
14629,4,0
14633,4,0
14641,4,0
14661,4,0
14665,4,0
14673,4,0
14729,4,0
14737,4,0
14883,4,0
14885,4,0
14889,4,0
14897,5,0
14917,4,0
14921,4,0
14929,4,0
14985,4,0
14993,4,0
15121,4,0
15429,4,0
15433,4,0
15441,4,0
15497,4,0
15505,4,0
15633,4,0
17487,4,0
17495,4,0
17499,4,0
17501,4,0
17511,4,0
17515,4,0
17517,4,0
17523,4,0
17525,4,0
17529,4,0
17551,4,0
17559,4,0
17563,4,0
17565,4,0
17575,4,0
17579,4,0
17581,4,0
17587,4,0
17589,4,0
17593,4,0
17607,4,0
17611,4,0
17613,4,0
17619,4,0
17621,4,0
17625,4,0
17635,4,0
17637,4,0
17641,4,0
17649,4,0
17687,3,0
17691,3,0
17693,4,0
17703,3,0
17707,3,0
17709,4,0
17715,4,0
17717,4,0
17721,3,0
17735,4,0
17739,4,0
17741,4,0
17747,4,0
17749,4,0
17753,4,0
17763,4,0
17765,4,0
17769,4,0
17777,4,0
17803,4,0
17805,4,0
17811,4,0
17813,4,0
17817,4,0
17827,4,0
17829,4,0
17833,4,0
17841,4,0
17861,4,0
17865,4,0
17873,4,0
17959,4,0
17963,4,0
17965,3,0
17971,4,0
17973,4,0
17977,3,0
17991,4,0
17995,4,0
17997,4,0
18003,4,0
18005,4,0
18009,4,0
18019,4,0
18021,4,0
18025,4,0
18033,4,0
18059,4,0
18061,4,0
18067,4,0
18069,4,0
18073,4,0
18083,4,0
18085,4,0
18089,4,0
18097,4,0
18117,4,0
18121,4,0
18129,3,0
18195,4,0
18197,4,0
18201,4,0
18211,4,0
18213,4,0
18217,4,0
18225,4,0
18245,4,0
18249,3,0
18257,4,0
18313,4,0
18321,4,0
18575,4,0
18583,4,0
18587,4,0
18589,4,0
18599,4,0
18603,4,0
18605,4,0
18611,4,0
18613,4,0
18617,4,0
18631,4,0
18635,4,0
18637,3,0
18643,4,0
18645,4,0
18649,3,0
18659,4,0
18661,4,0
18665,4,0
18673,3,0
18711,4,0
18715,4,0
18717,4,0
18727,4,0
18731,4,0
18733,4,0
18739,4,0
18741,4,0
18745,4,0
18759,4,0
18763,4,0
18765,4,0
18771,3,0
18773,4,0
18777,4,0
18787,4,0
18789,4,0
18793,4,0
18801,4,0
18827,4,0
18829,4,0
18835,4,0
18837,4,0
18841,3,0
18851,4,0
18853,4,0
18857,4,0
18865,3,0
18885,3,0
18889,4,0
18897,4,0
18983,4,0
18987,4,0
18989,4,0
18995,4,0
18997,4,0
19001,4,0
19015,4,0
19019,4,0
19021,4,0
19027,4,0
19029,4,0
19033,4,0
19043,4,0
19045,3,0
19049,4,0
19057,4,0
19083,4,0
19085,4,0
19091,4,0
19093,3,0
19097,4,0
19107,3,0
19109,4,0
19113,4,0
19121,4,0
19141,4,0
19145,4,0
19153,4,0
19219,4,0
19221,3,0
19225,3,0
19235,4,0
19237,4,0
19241,4,0
19249,4,0
19269,4,0
19273,4,0
19281,4,0
19337,4,0
19345,4,0
19527,4,0
19531,4,0
19533,4,0
19539,4,0
19541,4,0
19545,4,0
19555,4,0
19557,4,0
19561,4,0
19569,4,0
19595,4,0
19597,4,0
19603,4,0
19605,4,0
19609,4,0
19619,4,0
19621,4,0
19625,4,0
19633,4,0
19653,4,0
19657,4,0
19665,3,0
19731,4,0
19733,4,0
19737,3,0
19747,4,0
19749,4,0
19753,3,0
19761,4,0
19781,4,0
19785,4,0
19793,4,0
19849,4,0
19857,4,0
20003,4,0
20005,4,0
20009,4,0
20017,4,0
20037,4,0
20041,4,0
20049,4,0
20105,4,0
20113,4,0
20241,4,0
20759,4,0
20763,3,0
20765,4,0
20775,4,0
20779,4,0
20781,3,0
20787,4,0
20789,4,0
20793,4,0
20807,4,0
20811,4,0
20813,4,0
20819,4,0
20821,4,0
20825,4,0
20835,3,0
20837,4,0
20841,4,0
20849,4,0
20875,4,0
20877,4,0
20883,4,0
20885,4,0
20889,4,0
20899,3,0
20901,4,0
20905,4,0
20913,3,1
20933,4,0
20937,4,0
20945,4,0
21031,4,0
21035,4,0
21037,4,0
21043,4,0
21045,4,0
21049,4,0
21063,4,0
21067,4,0
21069,4,0
21075,4,0
21077,4,0
21081,4,0
21091,4,0
21093,4,0
21097,4,0
21105,4,0
21131,4,0
21133,4,0
21139,4,0
21141,4,0
21145,4,0
21155,4,0
21157,4,0
21161,4,0
21169,4,0
21189,4,0
21193,4,0
21201,4,0
21267,4,0
21269,4,0
21273,3,1
21283,4,0
21285,3,0
21289,4,0
21297,4,0
21317,4,0
21321,4,0
21329,4,0
21385,4,0
21393,4,0
21575,4,0
21579,4,0
21581,4,0
21587,4,0
21589,4,0
21593,4,0
21603,4,0
21605,4,0
21609,4,0
21617,4,0
21643,4,0
21645,4,0
21651,4,0
21653,4,0
21657,4,0
21667,4,0
21669,4,0
21673,4,0
21681,4,0
21701,4,0
21705,4,0
21713,4,0
21779,4,0
21781,4,0
21785,4,0
21795,4,0
21797,4,0
21801,4,0
21809,4,0
21829,4,0
21833,4,0
21841,4,0
21897,4,0
21905,4,0
22051,4,0
22053,4,0
22057,4,0
22065,4,0
22085,4,0
22089,4,0
22097,4,0
22153,4,0
22161,4,0
22289,4,0
22667,4,0
22669,4,0
22675,4,0
22677,4,0
22681,4,0
22691,4,0
22693,4,0
22697,4,0
22705,4,0
22725,4,0
22729,4,0
22737,4,0
22803,4,0
22805,4,0
22809,4,0
22819,4,0
22821,4,0
22825,4,0
22833,4,0
22853,4,0
22857,4,0
22865,4,0
22921,4,0
22929,4,0
23075,4,0
23077,4,0
23081,4,0
23089,4,0
23109,4,0
23113,4,0
23121,4,0
23177,4,0
23185,4,0
23313,4,0
23621,4,0
23625,4,0
23633,4,0
23689,4,0
23697,4,0
23825,4,0
25127,4,0
25131,5,0
25133,4,0
25139,4,0
25141,4,0
25145,4,0
25159,4,0
25163,4,0
25165,5,0
25171,4,0
25173,4,0
25177,4,0
25187,4,0
25189,4,0
25193,4,0
25201,4,0
25227,4,0
25229,4,0
25235,4,0
25237,4,0
25241,4,0
25251,4,0
25253,4,0
25257,4,0
25265,4,0
25285,4,0
25289,4,0
25297,5,0
25363,4,0
25365,4,0
25369,4,0
25379,4,0
25381,4,0
25385,4,0
25393,4,0
25413,4,0
25417,4,0
25425,4,0
25481,4,0
25489,4,0
25671,4,0
25675,4,0
25677,4,0
25683,4,0
25685,4,0
25689,4,0
25699,4,0
25701,4,0
25705,4,0
25713,4,0
25739,5,0
25741,4,0
25747,4,0
25749,4,0
25753,4,0
25763,4,0
25765,4,0
25769,4,0
25777,5,0
25797,4,0
25801,4,0
25809,4,0
25875,4,0
25877,4,0
25881,4,0
25891,4,0
25893,4,0
25897,4,0
25905,4,0
25925,4,0
25929,4,0
25937,4,0
25993,4,0
26001,4,0
26147,4,0
26149,4,0
26153,4,0
26161,4,0
26181,4,0
26185,4,0
26193,4,0
26249,4,0
26257,4,0
26385,4,0
26763,5,0
26765,4,0
26771,5,0
26773,4,0
26777,4,0
26787,4,0
26789,4,0
26793,4,0
26801,4,0
26821,4,0
26825,4,0
26833,4,0
26899,4,0
26901,4,0
26905,4,0
26915,4,0
26917,4,0
26921,4,0
26929,4,0
26949,4,0
26953,4,0
26961,4,0
27017,4,0
27025,4,0
27171,4,0
27173,4,0
27177,4,0
27185,4,0
27205,4,0
27209,4,0
27217,4,0
27273,4,0
27281,4,0
27409,4,0
27717,4,0
27721,4,0
27729,4,0
27785,4,0
27793,4,0
27921,4,0
28947,5,0
28949,5,0
28953,4,0
28963,5,0
28965,4,0
28969,4,0
28977,4,0
28997,4,0
29001,4,0
29009,4,0
29065,5,0
29073,4,0
29219,4,0
29221,4,0
29225,4,0
29233,4,0
29253,4,0
29257,4,0
29265,4,0
29321,4,0
29329,4,0
29457,4,0
29765,5,0
29769,5,0
29777,5,0
29833,4,0
29841,4,0
29969,4,0
30857,4,0
30865,4,0
30993,4,0
34959,4,0
34967,4,0
34971,4,0
34973,4,0
34983,4,0
34987,4,0
34989,4,0
34995,4,0
34997,4,0
35001,4,0
35015,4,0
35019,4,0
35021,4,0
35027,4,0
35029,4,0
35033,4,0
35043,4,0
35045,4,0
35049,4,0
35057,4,0
35095,4,0
35099,4,0
35101,4,0
35111,4,0
35115,4,0
35117,4,0
35123,4,0
35125,4,0
35129,4,0
35143,4,0
35147,4,0
35149,4,0
35155,4,0
35157,4,0
35161,3,0
35171,4,0
35173,4,0
35177,4,0
35185,4,0
35211,4,0
35213,4,0
35219,4,0
35221,4,0
35225,4,0
35235,4,0
35237,4,0
35241,4,0
35249,4,0
35269,4,0
35273,4,0
35281,4,0
35367,3,0
35371,3,0
35373,4,0
35379,4,0
35381,4,0
35385,4,0
35399,4,0
35403,4,0
35405,4,0
35411,4,0
35413,4,0
35417,4,0
35427,4,0
35429,4,0
35433,4,0
35441,4,0
35467,4,0
35469,4,0
35475,4,0
35477,4,0
35481,4,0
35491,4,0
35493,4,0
35497,4,0
35505,4,0
35525,4,0
35529,4,0
35537,4,0
35603,4,0
35605,4,0
35609,4,0
35619,4,0
35621,4,0
35625,4,0
35633,4,0
35653,4,0
35657,3,0
35665,4,0
35721,4,0
35729,4,0
35911,4,0
35915,4,0
35917,4,0
35923,4,0
35925,4,0
35929,4,0
35939,4,0
35941,4,0
35945,3,0
35953,4,0
35979,4,0
35981,4,0
35987,4,0
35989,4,0
35993,4,0
36003,4,0
36005,4,0
36009,4,0
36017,4,0
36037,4,0
36041,4,0
36049,4,0
36115,4,0
36117,3,0
36121,4,0
36131,4,0
36133,4,0
36137,4,0
36145,4,0
36165,4,0
36169,4,0
36177,4,0
36233,4,0
36241,4,0
36387,4,0
36389,4,0
36393,4,0
36401,4,0
36421,4,0
36425,4,0
36433,4,0
36489,4,0
36497,4,0
36625,4,0
37143,4,0
37147,4,0
37149,4,0
37159,4,0
37163,4,0
37165,4,0
37171,4,0
37173,4,0
37177,4,0
37191,4,0
37195,4,0
37197,3,0
37203,4,0
37205,4,0
37209,4,0
37219,4,0
37221,4,0
37225,4,0
37233,4,0
37259,4,0
37261,4,0
37267,4,0
37269,4,0
37273,4,0
37283,4,0
37285,4,0
37289,4,0
37297,3,0
37317,4,0
37321,4,0
37329,4,0
37415,4,0
37419,4,0
37421,4,0
37427,4,0
37429,4,0
37433,4,0
37447,4,0
37451,4,0
37453,4,0
37459,4,0
37461,4,0
37465,4,0
37475,4,0
37477,3,0
37481,4,0
37489,4,0
37515,4,0
37517,4,0
37523,4,0
37525,4,0
37529,4,0
37539,3,0
37541,4,0
37545,4,0
37553,4,0
37573,4,0
37577,4,0
37585,4,0
37651,4,0
37653,3,0
37657,3,0
37667,3,0
37669,4,0
37673,4,0
37681,3,0
37701,4,0
37705,4,0
37713,4,0
37769,4,0
37777,4,0
37959,4,0
37963,4,0
37965,4,0
37971,4,0
37973,4,0
37977,4,0
37987,4,0
37989,4,0
37993,4,0
38001,4,0
38027,4,0
38029,4,0
38035,4,0
38037,4,0
38041,4,0
38051,4,0
38053,4,0
38057,4,0
38065,4,0
38085,4,0
38089,4,0
38097,4,0
38163,4,0
38165,4,0
38169,3,0
38179,4,0
38181,3,0
38185,4,0
38193,4,0
38213,4,0
38217,4,0
38225,4,0
38281,4,0
38289,4,0
38435,4,0
38437,4,0
38441,4,0
38449,4,0
38469,4,0
38473,4,0
38481,4,0
38537,4,0
38545,4,0
38673,4,0
39051,4,0
39053,4,0
39059,4,0
39061,4,0
39065,4,0
39075,4,0
39077,4,0
39081,4,0
39089,4,0
39109,4,0
39113,4,0
39121,4,0
39187,4,0
39189,4,0
39193,4,0
39203,4,0
39205,4,0
39209,4,0
39217,4,0
39237,4,0
39241,4,0
39249,3,0
39305,4,0
39313,4,0
39459,4,0
39461,4,0
39465,3,0
39473,4,0
39493,4,0
39497,4,0
39505,4,0
39561,4,0
39569,4,0
39697,4,0
40005,4,0
40009,4,0
40017,4,0
40073,4,0
40081,4,0
40209,4,0
41511,4,0
41515,4,0
41517,3,0
41523,4,0
41525,4,0
41529,4,0
41543,4,0
41547,4,0
41549,4,0
41555,4,0
41557,4,0
41561,4,0
41571,4,0
41573,4,0
41577,4,0
41585,4,0
41611,4,0
41613,4,0
41619,4,0
41621,4,0
41625,4,0
41635,4,0
41637,4,0
41641,4,0
41649,4,0
41669,4,0
41673,4,0
41681,4,0
41747,4,0
41749,4,0
41753,4,0
41763,4,0
41765,3,0
41769,4,0
41777,3,1
41797,4,0
41801,4,0
41809,4,0
41865,4,0
41873,4,0
42055,4,0
42059,4,0
42061,4,0
42067,4,0
42069,4,0
42073,4,0
42083,4,0
42085,4,0
42089,4,0
42097,4,0
42123,4,0
42125,4,0
42131,4,0
42133,4,0
42137,4,0
42147,4,0
42149,4,0
42153,4,0
42161,4,0
42181,4,0
42185,4,0
42193,4,0
42259,4,0
42261,4,0
42265,4,0
42275,4,0
42277,4,0
42281,4,0
42289,4,0
42309,4,0
42313,4,0
42321,4,0
42377,4,0
42385,4,0
42531,4,0
42533,4,0
42537,4,0
42545,4,0
42565,4,0
42569,4,0
42577,4,0
42633,4,0
42641,4,0
42769,4,0
43147,4,0
43149,4,0
43155,4,0
43157,4,0
43161,4,0
43171,4,0
43173,4,0
43177,4,0
43185,4,0
43205,4,0
43209,4,0
43217,4,0
43283,4,0
43285,4,0
43289,4,0
43299,4,0
43301,4,0
43305,4,0
43313,4,0
43333,4,0
43337,4,0
43345,4,0
43401,4,0
43409,4,0
43555,4,0
43557,4,0
43561,4,0
43569,4,0
43589,4,0
43593,4,0
43601,4,0
43657,4,0
43665,4,0
43793,4,0
44101,4,0
44105,4,0
44113,4,0
44169,4,0
44177,4,0
44305,4,0
45331,4,0
45333,4,0
45337,4,0
45347,4,0
45349,4,0
45353,4,0
45361,4,0
45381,4,0
45385,4,0
45393,4,0
45449,4,0
45457,4,0
45603,4,0
45605,4,0
45609,4,0
45617,4,0
45637,4,0
45641,4,0
45649,4,0
45705,4,0
45713,4,0
45841,4,0
46149,4,0
46153,4,0
46161,4,0
46217,4,0
46225,4,0
46353,4,0
47241,4,0
47249,4,0
47377,4,0
50247,4,0
50251,4,0
50253,5,0
50259,4,0
50261,4,0
50265,4,0
50275,4,0
50277,4,0
50281,4,0
50289,4,0
50315,5,0
50317,4,0
50323,4,0
50325,4,0
50329,4,0
50339,4,0
50341,4,0
50345,4,0
50353,4,0
50373,4,0
50377,4,0
50385,5,0
50451,4,0
50453,5,0
50457,4,0
50467,5,0
50469,4,0
50473,4,0
50481,4,0
50501,4,0
50505,4,0
50513,4,0
50569,4,0
50577,4,0
50723,4,0
50725,4,0
50729,4,0
50737,4,0
50757,4,0
50761,4,0
50769,4,0
50825,4,0
50833,4,0
50961,4,0
51339,5,0
51341,4,0
51347,4,0
51349,4,0
51353,4,0
51363,4,0
51365,4,0
51369,4,0
51377,5,0
51397,4,0
51401,4,0
51409,4,0
51475,5,0
51477,4,1
51481,4,0
51491,4,0
51493,4,0
51497,4,0
51505,4,0
51525,4,0
51529,4,0
51537,4,0
51593,4,0
51601,4,0
51747,4,0
51749,4,0
51753,4,0
51761,4,0
51781,4,0
51785,4,0
51793,4,0
51849,4,0
51857,4,0
51985,5,0
52293,4,0
52297,4,0
52305,4,0
52361,4,0
52369,4,0
52497,4,0
53523,5,0
53525,5,0
53529,4,0
53539,5,0
53541,4,0
53545,4,0
53553,4,0
53573,4,0
53577,4,0
53585,4,0
53641,4,0
53649,4,0
53795,4,0
53797,4,0
53801,4,0
53809,4,0
53829,4,0
53833,4,0
53841,4,0
53897,4,0
53905,4,0
54033,4,0
54341,4,0
54345,4,0
54353,4,0
54409,4,0
54417,4,0
54545,4,0
55433,4,0
55441,4,0
55569,4,0
57891,5,0
57893,5,0
57897,4,0
57905,4,0
57925,4,0
57929,4,0
57937,4,0
57993,4,0
58001,4,0
58129,5,0
58437,4,0
58441,4,0
58449,4,0
58505,4,0
58513,5,0
58641,4,0
59529,5,0
59537,5,0
59665,4,0
61713,5,0
69911,4,0
69915,4,0
69917,4,0
69927,4,0
69931,4,0
69933,4,0
69939,4,0
69941,4,0
69945,4,0
69959,4,0
69963,4,0
69965,4,0
69971,4,0
69973,4,0
69977,4,0
69987,4,0
69989,4,0
69993,4,0
70001,4,0
70027,4,0
70029,4,0
70035,4,0
70037,4,0
70041,3,0
70051,4,0
70053,4,0
70057,4,0
70065,4,0
70085,4,0
70089,4,0
70097,4,0
70183,4,0
70187,4,0
70189,4,0
70195,4,0
70197,4,0
70201,4,0
70215,4,0
70219,4,0
70221,4,0
70227,4,0
70229,4,0
70233,4,0
70243,4,0
70245,4,0
70249,4,0
70257,3,0
70283,4,0
70285,4,0
70291,4,0
70293,4,0
70297,4,0
70307,4,0
70309,4,0
70313,4,0
70321,4,0
70341,4,0
70345,4,0
70353,4,0
70419,4,0
70421,4,0
70425,4,0
70435,4,0
70437,4,0
70441,4,0
70449,4,0
70469,4,0
70473,4,0
70481,4,0
70537,4,0
70545,4,0
70727,4,0
70731,4,0
70733,4,0
70739,4,0
70741,4,0
70745,4,0
70755,4,0
70757,4,0
70761,3,0
70769,4,0
70795,4,0
70797,4,0
70803,4,0
70805,4,0
70809,4,0
70819,4,0
70821,4,0
70825,4,0
70833,4,0
70853,4,0
70857,4,0
70865,4,0
70931,4,0
70933,4,0
70937,4,0
70947,4,0
70949,4,0
70953,4,0
70961,4,0
70981,4,0
70985,4,0
70993,4,0
71049,4,0
71057,4,0
71203,4,0
71205,4,0
71209,4,0
71217,4,0
71237,4,0
71241,4,0
71249,4,0
71305,3,0
71313,4,0
71441,4,0
71819,4,0
71821,4,0
71827,4,0
71829,4,0
71833,4,0
71843,4,0
71845,4,0
71849,4,0
71857,4,0
71877,4,0
71881,4,0
71889,4,0
71955,4,0
71957,4,0
71961,3,0
71971,4,0
71973,4,0
71977,4,0
71985,4,0
72005,4,0
72009,4,0
72017,4,0
72073,4,0
72081,3,0
72227,4,0
72229,4,0
72233,4,0
72241,4,0
72261,4,0
72265,4,0
72273,4,0
72329,4,0
72337,4,0
72465,4,0
72773,4,0
72777,4,0
72785,4,0
72841,4,0
72849,4,0
72977,4,0
74279,4,0
74283,4,0
74285,4,0
74291,4,0
74293,4,0
74297,4,0
74311,4,0
74315,4,0
74317,3,0
74323,4,0
74325,4,0
74329,4,0
74339,4,0
74341,4,0
74345,4,0
74353,4,0
74379,4,0
74381,4,0
74387,4,0
74389,4,0
74393,4,0
74403,3,0
74405,4,0
74409,4,0
74417,4,0
74437,4,0
74441,4,0
74449,4,0
74515,4,0
74517,4,0
74521,4,0
74531,4,0
74533,4,0
74537,4,0
74545,3,0
74565,4,0
74569,4,0
74577,4,0
74633,4,0
74641,4,0
74823,4,0
74827,4,0
74829,4,0
74835,4,0
74837,4,0
74841,4,0
74851,4,0
74853,4,0
74857,4,0
74865,4,0
74891,4,0
74893,4,0
74899,4,0
74901,4,0
74905,4,0
74915,4,0
74917,4,0
74921,4,0
74929,4,0
74949,3,0
74953,4,0
74961,4,0
75027,4,0
75029,4,0
75033,4,0
75043,4,0
75045,3,0
75049,4,0
75057,4,0
75077,4,0
75081,4,0
75089,4,0
75145,4,0
75153,4,0
75299,4,0
75301,3,0
75305,4,0
75313,3,0
75333,4,0
75337,4,0
75345,4,0
75401,4,0
75409,4,0
75537,4,0
75915,4,0
75917,4,0
75923,4,0
75925,4,0
75929,4,0
75939,4,0
75941,4,0
75945,4,0
75953,4,0
75973,4,0
75977,4,0
75985,4,0
76051,4,0
76053,4,0
76057,4,0
76067,4,0
76069,4,0
76073,4,0
76081,4,0
76101,4,0
76105,4,0
76113,4,0
76169,4,0
76177,4,0
76323,4,0
76325,4,0
76329,3,0
76337,4,0
76357,4,0
76361,4,0
76369,4,0
76425,4,0
76433,4,0
76561,4,0
76869,4,0
76873,4,0
76881,4,0
76937,4,0
76945,4,0
77073,4,0
78099,4,0
78101,4,0
78105,4,0
78115,4,0
78117,4,0
78121,4,0
78129,4,0
78149,4,0
78153,4,0
78161,4,0
78217,4,0
78225,4,0
78371,4,0
78373,4,0
78377,4,0
78385,4,0
78405,4,0
78409,4,0
78417,3,0
78473,4,0
78481,4,0
78609,4,0
78917,4,0
78921,4,0
78929,4,0
78985,4,0
78993,4,0
79121,4,0
80009,4,0
80017,4,0
80145,4,0
83015,4,0
83019,4,0
83021,4,0
83027,4,0
83029,4,0
83033,4,0
83043,4,0
83045,4,0
83049,4,0
83057,4,0
83083,4,0
83085,4,0
83091,4,0
83093,4,0
83097,4,0
83107,4,0
83109,4,0
83113,4,0
83121,4,0
83141,4,0
83145,4,0
83153,4,0
83219,4,0
83221,4,0
83225,4,0
83235,4,0
83237,4,0
83241,4,0
83249,4,0
83269,4,0
83273,4,0
83281,4,0
83337,4,0
83345,4,0
83491,4,0
83493,4,0
83497,4,0
83505,3,1
83525,3,0
83529,4,0
83537,4,0
83593,4,0
83601,4,0
83729,4,0
84107,4,1
84109,4,0
84115,4,0
84117,4,0
84121,4,0
84131,4,0
84133,4,0
84137,4,0
84145,4,0
84165,4,0
84169,4,0
84177,4,0
84243,4,0
84245,4,0
84249,4,0
84259,4,0
84261,4,0
84265,4,0
84273,4,0
84293,4,0
84297,4,0
84305,4,0
84361,4,0
84369,4,0
84515,4,0
84517,4,0
84521,4,0
84529,4,0
84549,4,0
84553,4,0
84561,4,0
84617,4,0
84625,4,0
84753,4,0
85061,4,0
85065,4,0
85073,4,0
85129,4,0
85137,4,0
85265,4,0
86291,5,0
86293,4,0
86297,4,0
86307,4,0
86309,4,0
86313,4,0
86321,4,0
86341,4,0
86345,4,0
86353,4,0
86409,4,0
86417,4,0
86563,4,0
86565,4,0
86569,4,0
86577,4,0
86597,4,0
86601,4,0
86609,4,0
86665,4,0
86673,4,0
86801,4,0
87109,4,0
87113,4,0
87121,4,0
87177,4,0
87185,4,0
87313,4,0
88201,4,0
88209,4,0
88337,4,0
90659,4,1
90661,4,0
90665,4,0
90673,4,0
90693,4,0
90697,4,0
90705,4,0
90761,4,0
90769,4,0
90897,4,0
91205,4,0
91209,4,0
91217,4,0
91273,4,0
91281,5,0
91409,4,0
92297,4,0
92305,4,0
92433,4,0
94481,4,0
100491,4,0
100493,4,0
100499,4,0
100501,4,0
100505,4,0
100515,4,0
100517,4,0
100521,4,0
100529,4,0
100549,4,0
100553,4,0
100561,4,0
100627,5,0
100629,5,0
100633,4,0
100643,5,0
100645,4,0
100649,4,0
100657,4,0
100677,4,0
100681,4,0
100689,5,0
100745,4,0
100753,4,0
100899,4,0
100901,4,1
100905,4,0
100913,4,0
100933,4,0
100937,4,0
100945,4,0
101001,4,0
101009,4,0
101137,4,0
101445,4,0
101449,5,0
101457,4,0
101513,4,0
101521,4,0
101649,4,0
102675,5,0
102677,5,0
102681,4,0
102691,4,0
102693,4,0
102697,4,0
102705,4,0
102725,4,0
102729,4,0
102737,4,0
102793,4,0
102801,4,0
102947,4,0
102949,5,0
102953,4,0
102961,4,0
102981,4,0
102985,4,0
102993,4,0
103049,4,0
103057,4,0
103185,4,0
103493,4,0
103497,4,0
103505,4,0
103561,4,0
103569,4,0
103697,4,0
104585,4,0
104593,4,0
104721,4,0
107043,5,0
107045,5,0
107049,4,0
107057,4,0
107077,4,0
107081,4,0
107089,4,0
107145,4,0
107153,4,0
107281,4,0
107589,4,0
107593,4,0
107601,4,0
107657,4,0
107665,4,0
107793,5,0
108681,4,0
108689,4,0
108817,4,0
110865,4,0
115781,4,0
115785,4,0
115793,4,0
115849,4,0
115857,4,0
115985,5,0
116873,5,0
116881,5,0
117009,5,0
119057,5,0
139815,4,0
139819,4,0
139821,4,0
139827,4,0
139829,4,0
139833,4,0
139847,4,0
139851,4,0
139853,4,0
139859,4,0
139861,4,0
139865,4,0
139875,4,0
139877,4,0
139881,4,0
139889,4,0
139915,4,0
139917,4,0
139923,4,0
139925,4,0
139929,4,0
139939,4,0
139941,4,0
139945,4,0
139953,3,0
139973,4,0
139977,4,0
139985,4,0
140051,4,0
140053,4,0
140057,4,0
140067,4,0
140069,4,0
140073,4,0
140081,4,0
140101,4,0
140105,4,0
140113,4,0
140169,4,0
140177,4,0
140359,4,0
140363,4,0
140365,4,0
140371,4,0
140373,4,0
140377,4,0
140387,4,0
140389,4,0
140393,4,0
140401,4,0
140427,4,0
140429,4,0
140435,4,0
140437,4,0
140441,4,0
140451,4,0
140453,4,0
140457,4,0
140465,4,0
140485,4,0
140489,4,0
140497,4,0
140563,4,0
140565,4,0
140569,4,0
140579,4,0
140581,4,0
140585,4,0
140593,4,0
140613,4,0
140617,4,0
140625,4,0
140681,4,0
140689,4,0
140835,4,0
140837,4,0
140841,4,0
140849,4,0
140869,4,0
140873,4,0
140881,4,0
140937,3,0
140945,4,0
141073,4,0
141451,4,0
141453,4,0
141459,4,0
141461,4,0
141465,4,0
141475,4,0
141477,4,0
141481,4,0
141489,4,0
141509,4,0
141513,3,0
141521,4,0
141587,4,0
141589,4,0
141593,4,0
141603,4,0
141605,4,0
141609,4,0
141617,4,0
141637,4,0
141641,4,0
141649,4,0
141705,4,0
141713,4,0
141859,4,0
141861,3,0
141865,4,0
141873,4,0
141893,4,0
141897,4,0
141905,4,0
141961,4,0
141969,4,0
142097,4,0
142405,4,0
142409,4,0
142417,4,0
142473,4,0
142481,4,0
142609,4,0
143635,4,0
143637,4,0
143641,4,0
143651,4,0
143653,4,0
143657,4,0
143665,4,0
143685,4,0
143689,4,0
143697,4,0
143753,4,0
143761,4,0
143907,4,0
143909,4,0
143913,3,0
143921,4,0
143941,4,0
143945,4,0
143953,4,0
144009,4,0
144017,3,0
144145,4,0
144453,4,0
144457,4,0
144465,4,0
144521,4,0
144529,4,0
144657,4,0
145545,4,0
145553,4,0
145681,4,0
148551,4,0
148555,4,0
148557,3,0
148563,4,0
148565,4,0
148569,4,0
148579,4,0
148581,4,0
148585,4,0
148593,4,0
148619,4,0
148621,4,0
148627,4,0
148629,4,0
148633,4,0
148643,4,0
148645,4,0
148649,4,0
148657,4,0
148677,3,0
148681,4,0
148689,4,0
148755,4,0
148757,4,0
148761,4,0
148771,4,0
148773,4,0
148777,4,0
148785,4,0
148805,4,0
148809,4,0
148817,4,0
148873,4,0
148881,4,0
149027,4,0
149029,3,0
149033,4,0
149041,3,0
149061,4,0
149065,4,0
149073,4,0
149129,4,0
149137,4,0
149265,4,0
149643,4,0
149645,4,0
149651,4,0
149653,4,0
149657,4,0
149667,4,0
149669,4,0
149673,4,0
149681,4,0
149701,4,0
149705,4,0
149713,4,0
149779,4,0
149781,4,0
149785,4,0
149795,4,0
149797,4,0
149801,4,0
149809,4,0
149829,4,0
149833,4,0
149841,4,0
149897,4,0
149905,4,0
150051,4,0
150053,4,0
150057,3,0
150065,4,0
150085,3,0
150089,4,0
150097,4,0
150153,4,0
150161,4,0
150289,4,0
150597,4,0
150601,4,0
150609,4,0
150665,4,0
150673,4,0
150801,4,0
151827,4,0
151829,4,0
151833,4,0
151843,4,0
151845,4,0
151849,4,0
151857,4,0
151877,4,0
151881,4,0
151889,4,0
151945,4,0
151953,4,0
152099,4,0
152101,4,0
152105,4,0
152113,4,0
152133,4,0
152137,4,0
152145,4,0
152201,4,0
152209,4,0
152337,4,0
152645,4,0
152649,4,0
152657,4,0
152713,4,0
152721,4,0
152849,4,0
153737,4,0
153745,4,0
153873,4,0
156195,4,0
156197,4,0
156201,4,0
156209,4,0
156229,4,0
156233,4,0
156241,4,0
156297,4,0
156305,4,0
156433,4,0
156741,4,0
156745,4,0
156753,3,0
156809,4,0
156817,4,0
156945,4,0
157833,4,0
157841,4,0
157969,4,0
160017,4,0
166027,4,0
166029,4,0
166035,4,0
166037,4,0
166041,4,0
166051,4,0
166053,4,0
166057,4,0
166065,4,0
166085,4,0
166089,4,0
166097,4,0
166163,4,0
166165,4,0
166169,5,0
166179,4,0
166181,4,0
166185,4,0
166193,4,0
166213,4,0
166217,4,0
166225,4,0
166281,4,0
166289,4,0
166435,4,0
166437,4,0
166441,4,0
166449,4,0
166469,4,0
166473,4,0
166481,4,0
166537,4,0
166545,4,0
166673,4,0
166981,4,0
166985,4,0
166993,4,0
167049,4,0
167057,4,0
167185,4,0
168211,5,0
168213,4,0
168217,4,0
168227,5,0
168229,4,0
168233,4,0
168241,4,0
168261,4,0
168265,4,0
168273,4,0
168329,4,0
168337,4,0
168483,4,0
168485,4,0
168489,4,0
168497,4,0
168517,4,0
168521,4,0
168529,4,0
168585,4,0
168593,4,0
168721,4,0
169029,4,0
169033,4,0
169041,4,0
169097,4,0
169105,4,0
169233,4,0
170121,4,0
170129,4,0
170257,4,0
172579,5,0
172581,4,1
172585,4,0
172593,4,0
172613,4,0
172617,4,0
172625,4,0
172681,4,0
172689,4,0
172817,4,0
173125,4,0
173129,4,0
173137,4,0
173193,4,0
173201,4,0
173329,4,0
174217,4,0
174225,4,0
174353,4,0
176401,4,0
181317,4,0
181321,4,0
181329,4,0
181385,4,0
181393,4,0
181521,5,0
182409,5,0
182417,5,0
182545,5,0
184593,5,0
200979,5,0
200981,5,0
200985,4,0
200995,5,0
200997,4,0
201001,4,0
201009,4,0
201029,4,0
201033,4,0
201041,5,0
201097,4,0
201105,4,0
201251,5,0
201253,5,0
201257,4,0
201265,4,0
201285,5,0
201289,4,0
201297,4,0
201353,4,0
201361,4,0
201489,4,0
201797,4,0
201801,5,0
201809,4,0
201865,4,0
201873,4,0
202001,4,0
202889,4,0
202897,4,0
203025,4,0
205347,5,0
205349,5,0
205353,4,0
205361,4,0
205381,4,0
205385,4,0
205393,4,0
205449,4,0
205457,4,0
205585,4,0
205893,4,0
205897,4,0
205905,4,0
205961,4,0
205969,4,0
206097,4,0
206985,4,0
206993,4,0
207121,4,0
209169,4,0
214085,5,0
214089,4,0
214097,4,0
214153,4,0
214161,4,0
214289,4,0
215177,4,0
215185,4,0
215313,4,0
217361,4,0
231561,5,0
231569,4,0
231697,5,0
233745,5,0
279623,4,0
279627,4,0
279629,4,0
279635,4,0
279637,4,0
279641,4,0
279651,4,0
279653,4,0
279657,4,0
279665,4,0
279691,4,0
279693,4,0
279699,4,0
279701,4,0
279705,4,0
279715,4,0
279717,4,0
279721,4,0
279729,4,0
279749,4,0
279753,4,0
279761,4,0
279827,4,0
279829,4,0
279833,4,0
279843,4,0
279845,4,0
279849,4,0
279857,4,0
279877,4,0
279881,4,0
279889,4,0
279945,4,0
279953,4,0
280099,4,0
280101,4,0
280105,4,0
280113,4,0
280133,4,0
280137,4,0
280145,4,0
280201,4,0
280209,4,0
280337,4,0
280715,4,0
280717,4,0
280723,4,0
280725,4,0
280729,4,0
280739,4,0
280741,4,0
280745,4,0
280753,4,0
280773,4,0
280777,3,0
280785,4,0
280851,4,0
280853,4,0
280857,4,0
280867,4,0
280869,4,0
280873,4,0
280881,4,0
280901,4,0
280905,4,0
280913,4,0
280969,4,0
280977,4,0
281123,4,0
281125,4,0
281129,4,0
281137,4,0
281157,4,0
281161,4,0
281169,4,0
281225,4,0
281233,4,0
281361,4,0
281669,4,0
281673,4,0
281681,4,0
281737,4,0
281745,4,0
281873,4,0
282899,4,0
282901,4,0
282905,4,0
282915,4,0
282917,4,0
282921,4,0
282929,4,0
282949,4,0
282953,4,0
282961,4,0
283017,4,0
283025,4,0
283171,4,0
283173,4,0
283177,3,0
283185,4,0
283205,4,0
283209,4,0
283217,4,0
283273,4,0
283281,4,0
283409,4,0
283717,4,0
283721,4,0
283729,4,0
283785,4,0
283793,4,0
283921,4,0
284809,4,0
284817,4,0
284945,4,0
287267,4,0
287269,4,0
287273,4,0
287281,4,0
287301,4,0
287305,4,0
287313,4,0
287369,4,0
287377,4,0
287505,4,0
287813,4,0
287817,4,0
287825,4,0
287881,4,0
287889,3,0
288017,4,0
288905,4,0
288913,4,0
289041,4,0
291089,4,0
297099,4,0
297101,4,0
297107,4,0
297109,4,0
297113,4,0
297123,4,0
297125,4,0
297129,4,0
297137,4,0
297157,4,0
297161,4,0
297169,4,0
297235,4,0
297237,4,0
297241,4,0
297251,4,0
297253,4,0
297257,4,0
297265,4,0
297285,4,0
297289,4,0
297297,4,0
297353,4,0
297361,4,0
297507,4,0
297509,4,0
297513,4,0
297521,4,0
297541,3,0
297545,4,0
297553,4,0
297609,4,0
297617,4,0
297745,4,0
298053,3,0
298057,4,0
298065,4,0
298121,4,0
298129,4,0
298257,4,0
299283,4,0
299285,4,0
299289,4,0
299299,4,0
299301,4,0
299305,4,0
299313,4,0
299333,4,0
299337,4,0
299345,4,0
299401,4,0
299409,4,0
299555,4,0
299557,4,0
299561,4,0
299569,4,0
299589,4,0
299593,4,0
299601,4,0
299657,4,0
299665,4,0
299793,4,0
300101,4,0
300105,3,0
300113,4,0
300169,4,0
300177,4,0
300305,4,0
301193,4,0
301201,4,0
301329,4,0
303651,4,0
303653,4,0
303657,4,0
303665,4,0
303685,4,0
303689,4,0
303697,4,0
303753,4,0
303761,4,0
303889,4,0
304197,4,0
304201,4,0
304209,4,0
304265,4,0
304273,4,0
304401,4,0
305289,4,0
305297,4,0
305425,4,0
307473,4,0
312389,5,0
312393,4,0
312401,4,0
312457,4,0
312465,4,0
312593,4,0
313481,4,0
313489,4,0
313617,4,0
315665,4,0
332051,4,1
332053,4,0
332057,4,0
332067,4,0
332069,4,0
332073,4,0
332081,4,0
332101,4,0
332105,4,0
332113,4,0
332169,4,0
332177,4,0
332323,4,0
332325,4,0
332329,4,0
332337,4,0
332357,4,0
332361,4,0
332369,4,0
332425,4,0
332433,4,0
332561,4,0
332869,4,0
332873,4,0
332881,4,0
332937,4,0
332945,4,0
333073,4,0
333961,4,0
333969,4,0
334097,4,0
336419,5,0
336421,4,0
336425,4,0
336433,4,0
336453,4,0
336457,4,0
336465,4,0
336521,4,0
336529,4,0
336657,4,0
336965,4,0
336969,4,0
336977,4,0
337033,4,0
337041,4,0
337169,4,0
338057,4,0
338065,4,0
338193,4,0
340241,4,0
345157,4,0
345161,4,0
345169,4,0
345225,4,0
345233,4,0
345361,4,0
346249,4,0
346257,4,0
346385,4,0
348433,4,0
362633,5,0
362641,4,0
362769,5,0
364817,5,0
401955,5,0
401957,5,0
401961,4,0
401969,4,0
401989,5,0
401993,4,0
402001,4,0
402057,5,0
402065,5,0
402193,4,0
402501,5,0
402505,5,0
402513,4,0
402569,4,0
402577,4,0
402705,4,0
403593,4,0
403601,4,0
403729,5,0
405777,4,0
410693,5,0
410697,4,0
410705,4,0
410761,4,0
410769,4,0
410897,4,0
411785,4,0
411793,4,0
411921,4,0
413969,4,0
428169,4,0
428177,4,0
428305,4,0
430353,4,0
463121,5,0
559243,4,0
559245,4,0
559251,4,0
559253,4,0
559257,4,0
559267,4,0
559269,4,0
559273,4,0
559281,4,0
559301,4,0
559305,4,0
559313,4,0
559379,4,0
559381,4,0
559385,4,0
559395,4,0
559397,4,0
559401,4,0
559409,4,0
559429,4,0
559433,4,0
559441,4,0
559497,4,0
559505,4,0
559651,4,0
559653,4,0
559657,4,0
559665,4,0
559685,4,0
559689,4,0
559697,4,0
559753,4,0
559761,4,0
559889,4,0
560197,4,0
560201,4,0
560209,4,0
560265,4,0
560273,4,0
560401,4,0
561427,4,0
561429,4,0
561433,4,0
561443,4,0
561445,4,0
561449,4,0
561457,4,0
561477,4,0
561481,4,0
561489,4,0
561545,3,0
561553,4,0
561699,4,0
561701,4,0
561705,4,0
561713,4,0
561733,4,0
561737,4,0
561745,4,0
561801,4,0
561809,4,0
561937,4,0
562245,3,0
562249,4,0
562257,4,0
562313,4,0
562321,4,0
562449,4,0
563337,4,0
563345,4,0
563473,4,0
565795,4,0
565797,4,0
565801,4,0
565809,4,0
565829,4,0
565833,4,0
565841,4,0
565897,4,0
565905,4,0
566033,4,0
566341,4,0
566345,3,0
566353,4,0
566409,4,0
566417,4,0
566545,4,0
567433,4,0
567441,4,0
567569,4,0
569617,4,0
574533,4,0
574537,4,0
574545,4,0
574601,4,0
574609,4,0
574737,4,0
575625,4,0
575633,3,0
575761,4,0
577809,4,0
594195,4,0
594197,4,0
594201,4,0
594211,4,0
594213,4,0
594217,4,0
594225,4,0
594245,4,0
594249,4,0
594257,4,0
594313,4,0
594321,4,0
594467,4,0
594469,4,0
594473,4,0
594481,4,0
594501,4,0
594505,4,0
594513,4,0
594569,4,0
594577,4,0
594705,4,0
595013,4,0
595017,3,0
595025,4,0
595081,4,0
595089,4,0
595217,4,0
596105,4,0
596113,4,0
596241,4,0
598563,4,0
598565,4,0
598569,4,0
598577,4,0
598597,4,0
598601,4,0
598609,4,0
598665,4,0
598673,4,0
598801,4,0
599109,4,0
599113,4,0
599121,4,0
599177,4,0
599185,4,0
599313,4,0
600201,4,0
600209,4,0
600337,4,0
602385,4,0
607301,4,0
607305,4,0
607313,4,0
607369,4,0
607377,4,0
607505,4,0
608393,4,0
608401,4,0
608529,4,0
610577,4,0
624777,4,0
624785,4,0
624913,4,0
626961,4,0
664099,5,0
664101,5,0
664105,4,0
664113,4,0
664133,4,0
664137,4,0
664145,4,0
664201,4,0
664209,4,0
664337,4,0
664645,4,0
664649,4,0
664657,4,0
664713,4,0
664721,4,0
664849,4,0
665737,4,0
665745,4,0
665873,4,0
667921,4,0
672837,5,0
672841,4,0
672849,4,0
672905,4,0
672913,4,0
673041,4,0
673929,4,0
673937,4,0
674065,4,0
676113,4,0
690313,4,0
690321,4,0
690449,4,0
692497,4,0
725265,5,0
803909,5,0
803913,5,0
803921,4,0
803977,5,0
803985,5,0
804113,4,0
805001,4,0
805009,4,0
805137,4,0
807185,4,0
821385,4,0
821393,4,0
821521,4,0
823569,4,0
856337,4,0
1118483,4,0
1118485,4,0
1118489,4,0
1118499,4,0
1118501,4,0
1118505,4,0
1118513,4,0
1118533,4,0
1118537,4,0
1118545,4,0
1118601,3,0
1118609,4,0
1118755,4,0
1118757,4,0
1118761,4,0
1118769,4,0
1118789,4,0
1118793,4,0
1118801,4,0
1118857,4,0
1118865,4,0
1118993,4,0
1119301,4,0
1119305,4,0
1119313,4,0
1119369,4,0
1119377,4,0
1119505,4,0
1120393,4,0
1120401,4,0
1120529,4,0
1122851,4,0
1122853,4,0
1122857,4,0
1122865,4,0
1122885,4,0
1122889,4,0
1122897,4,0
1122953,4,0
1122961,4,0
1123089,4,0
1123397,4,0
1123401,3,0
1123409,4,0
1123465,4,0
1123473,4,0
1123601,4,0
1124489,4,0
1124497,4,0
1124625,4,0
1126673,4,0
1131589,4,0
1131593,4,0
1131601,4,0
1131657,4,0
1131665,4,0
1131793,4,0
1132681,4,0
1132689,4,0
1132817,4,0
1134865,4,0
1149065,4,0
1149073,4,0
1149201,4,0
1151249,4,0
1188387,4,0
1188389,4,0
1188393,4,0
1188401,4,0
1188421,4,0
1188425,4,0
1188433,4,0
1188489,4,0
1188497,4,0
1188625,4,0
1188933,4,0
1188937,4,0
1188945,4,0
1189001,4,0
1189009,4,0
1189137,4,0
1190025,3,0
1190033,4,0
1190161,4,0
1192209,4,0
1197125,4,0
1197129,4,0
1197137,4,0
1197193,4,0
1197201,4,0
1197329,4,0
1198217,4,0
1198225,4,0
1198353,4,0
1200401,4,0
1214601,4,0
1214609,4,0
1214737,4,0
1216785,4,0
1249553,4,0
1328197,5,0
1328201,5,0
1328209,4,0
1328265,4,0
1328273,4,0
1328401,4,0
1329289,4,0
1329297,4,0
1329425,4,0
1331473,4,0
1345673,5,0
1345681,4,0
1345809,4,0
1347857,4,0
1380625,4,0
1607817,5,0
1607825,4,0
1607953,4,0
1610001,4,0
1642769,4,0
2236963,4,0
2236965,4,0
2236969,4,0
2236977,4,0
2236997,4,0
2237001,4,0
2237009,4,0
2237065,4,0
2237073,4,0
2237201,4,0
2237509,4,0
2237513,4,0
2237521,4,0
2237577,4,0
2237585,4,0
2237713,4,0
2238601,4,0
2238609,4,0
2238737,4,0
2240785,4,0
2245701,4,0
2245705,4,0
2245713,4,0
2245769,4,0
2245777,4,0
2245905,4,0
2246793,3,0
2246801,4,0
2246929,4,0
2248977,4,0
2263177,4,0
2263185,4,0
2263313,4,0
2265361,4,0
2298129,4,0
2376773,4,0
2376777,4,0
2376785,4,0
2376841,4,0
2376849,4,0
2376977,4,0
2377865,4,0
2377873,4,0
2378001,4,0
2380049,4,0
2394249,4,0
2394257,4,0
2394385,4,0
2396433,4,0
2429201,4,0
2656393,5,0
2656401,4,0
2656529,4,0
2658577,4,0
2691345,4,0
3215633,4,0
4473925,4,0
4473929,4,0
4473937,4,0
4473993,4,0
4474001,4,0
4474129,4,0
4475017,3,0
4475025,4,0
4475153,4,0
4477201,4,0
4491401,4,0
4491409,4,0
4491537,4,0
4493585,4,0
4526353,4,0
4753545,4,0
4753553,4,0
4753681,4,0
4755729,4,0
4788497,4,0
5312785,4,0
8947849,4,0
8947857,4,0
8947985,4,0
8950033,4,0
8982801,4,0
9507089,4,0
17895697,4,0
